{"cameraMode":{"drawMode":0,"name":"Shaded","section":"Shading Mode"},"sceneLighting":false,"audioPlay":false,"sceneViewState":{"showFog":true,"showMaterialUpdate":false,"showSkybox":false,"showFlares":true,"showImageEffects":true,"showParticleSystems":true},"in2DMode":false,"pivot":{"x":-0.2536025047302246,"y":2.9774675369262697,"z":0.06362128257751465},"rotation":{"x":-0.06341497600078583,"y":0.9283190965652466,"z":-0.1865381896495819,"w":-0.3154474198818207},"size":4.291071891784668,"orthographic":false}