{"cameraMode":{"drawMode":0,"name":"Shaded","section":"Shading Mode"},"sceneLighting":false,"audioPlay":false,"sceneViewState":{"showFog":true,"showMaterialUpdate":false,"showSkybox":false,"showFlares":true,"showImageEffects":true,"showParticleSystems":true},"in2DMode":false,"pivot":{"x":-0.06608223915100098,"y":1.1220147609710694,"z":-0.5663278698921204},"rotation":{"x":-0.1149710938334465,"y":0.5944907069206238,"z":-0.0863889753818512,"w":-0.7911515235900879},"size":0.7298316359519959,"orthographic":false}