{"cameraMode":{"drawMode":0,"name":"Shaded","section":"Shading Mode"},"sceneLighting":false,"audioPlay":false,"sceneViewState":{"showFog":true,"showMaterialUpdate":false,"showSkybox":false,"showFlares":true,"showImageEffects":true,"showParticleSystems":true},"in2DMode":false,"pivot":{"x":-12.063116073608399,"y":4.069850921630859,"z":17.996017456054689},"rotation":{"x":-0.11020416021347046,"y":0.8852505087852478,"z":-0.26833051443099978,"w":-0.3635757267475128},"size":5.851781368255615,"orthographic":false}