{"cameraMode":{"drawMode":0,"name":"Shaded","section":"Shading Mode"},"sceneLighting":false,"audioPlay":false,"sceneViewState":{"showFog":true,"showMaterialUpdate":false,"showSkybox":false,"showFlares":true,"showImageEffects":true,"showParticleSystems":true},"in2DMode":false,"pivot":{"x":2.3223607540130617,"y":3.690608024597168,"z":-116.58931732177735},"rotation":{"x":-0.08269473910331726,"y":0.7591794729232788,"z":-0.098960742354393,"w":-0.6381304264068604},"size":2.073303461074829,"orthographic":false}