{"cameraMode":{"drawMode":0,"name":"Shaded","section":"Shading Mode"},"sceneLighting":false,"audioPlay":false,"sceneViewState":{"showFog":true,"showMaterialUpdate":false,"showSkybox":false,"showFlares":true,"showImageEffects":true,"showParticleSystems":true},"in2DMode":false,"pivot":{"x":-6.045492172241211,"y":7.798032760620117,"z":-1.3447399139404297},"rotation":{"x":-0.11020416021347046,"y":0.8852505087852478,"z":-0.26833051443099978,"w":-0.3635757267475128},"size":22.11600685119629,"orthographic":false}