{"cameraMode":{"drawMode":0,"name":"Shaded","section":"Shading Mode"},"sceneLighting":false,"audioPlay":false,"sceneViewState":{"showFog":true,"showMaterialUpdate":false,"showSkybox":false,"showFlares":true,"showImageEffects":true,"showParticleSystems":true},"in2DMode":false,"pivot":{"x":-0.0003204345703125,"y":3.0135321617126467,"z":0.0022144317626953127},"rotation":{"x":-0.2126167118549347,"y":-0.13402578234672547,"z":0.029438797384500505,"w":-0.9675374627113342},"size":5.458866119384766,"orthographic":false}