{"cameraMode":{"drawMode":0,"name":"Shaded","section":"Shading Mode"},"sceneLighting":false,"audioPlay":false,"sceneViewState":{"showFog":true,"showMaterialUpdate":false,"showSkybox":false,"showFlares":true,"showImageEffects":true,"showParticleSystems":true},"in2DMode":false,"pivot":{"x":-6.944338321685791,"y":-5.195354461669922,"z":-3.149521827697754},"rotation":{"x":-0.11020416021347046,"y":0.8852505087852478,"z":-0.26833051443099978,"w":-0.3635757267475128},"size":5.836905002593994,"orthographic":false}